,FACILITY_APPROVED,lat,lon,count,discharge_rate
0,A New Leaf – Alice Peterson Residence,33.42209,-111.81091,5,1.0
1,A New Leaf – Dorothy B. Mitchell Counseling Center,33.42312583690492,-111.79475465271236,5,1.0
2,Abbott House,41.04460969347108,-73.85903753173923,29,1.0
3,BCFS - Chavaneaux,29.321531760534477,-98.52796822690473,26,1.0
4,BCFS - Driscoll,27.789972,-97.654548,6,0.3333333333333333
5,BCFS - Fairfield,38.27196592144918,-122.05016687950611,1,1.0
6,BCFS - Harlingen,26.190327116846483,-97.6776081421415,156,0.967948717948718
7,BCFS - Raymondville,26.451811397813433,-97.79827777339452,54,0.9074074074074074
8,BCFS - San Antonio,29.489023513806092,-98.5685671455097,21,0.7619047619047619
9,BCFS - San Antonio Transitional Foster Care,29.489023513806092,-98.5685671455097,108,0.8703703703703703
10,BCFS - Tornillo,31.464328,-106.169116,1,1.0
11,BCFS Baytown,29.784162841517396,-95.05649672675278,62,0.9838709677419355
12,Bethany Christian Services TFC - Baltimore,38.98937137244992,-76.69293258909268,12,1.0
13,Board of Child Care - Treatment Foster Care,38.49329657584188,-76.7675310422091,3,1.0
14,Board of Child Care Shelter,39.346900872776,-76.76049583255488,10,1.0
15,Bokenkamp Children’s Shelter,27.7177065686254,-97.34968717809491,31,0.9285714285714286
16,Bokenkamp Children’s Shelter,27.71790130420733,-97.34967108875165,25,0.9285714285714286
17,CHSI - Casa Norma Linda,26.075903730505722,-97.52940599545984,8,0.5
18,CHSI - Los Fresnos,26.129432678222656,-97.47114562988281,6,0.6666666666666666
19,CHSI - San Benito,26.132187,-97.628685,5,0.6
20,Catholic Charities - Fort Worth,32.68354219483105,-97.32727386355151,6,0.8333333333333334
21,Catholic Charities - Houston,29.74586233145037,-95.37880105283553,6,1.0
22,Catholic Charities - Msgr. Bryan Walsh Children’s Village,26.160271563841256,-80.12750692556861,29,0.896551724137931
23,Catholic Charities Fort Worth Transitional Foster Care,40.741895,-73.989308,3,0.6666666666666666
24,Catholic Guardian Services,40.880516052246094,-73.89922332763672,5,1.0
25,Catholic Guardian Services - Crotrona,40.85313762030175,-73.88384835892722,2,1.0
26,Catholic Guardian Services - Transitional Foster Care,40.758022803328025,-73.96387644917374,13,0.7692307692307693
27,Cayuga Centers,40.8088,-73.9307,374,0.9064171122994652
28,Center for Family Services,39.94073661213475,-75.11795520203565,2,1.0
29,Children’s Home of Kingston,41.92485519650927,-73.97117177341138,7,1.0
30,Children’s Village Shelter,40.86712278967711,-73.89302256434361,23,0.9565217391304348
31,Crittenton Services for Children and Families,33.875025172927295,-117.91111291569258,22,0.9090909090909091
32,David and Margaret Youth and Family Services,34.10275439771937,-117.78526757637746,14,0.9285714285714286
33,Heartland International Children’s Center,41.88621532425004,-87.62569283046726,14,1.0
34,Heartland International Children’s Reception Center,41.889183,-87.632519,43,1.0
35,His House Children’s Home,25.956392771561816,-80.27980225773756,66,0.9545454545454546
36,Holy Family Institute,40.51085747804056,-80.0988190796778,19,1.0
37,IES - Brownsville,26.0718647,-97.4763276,1,1.0
38,IES - Harlingen,26.184149965124526,-97.73859872658379,1,1.0
39,IES - Los Fresnos,26.07855987548828,-97.47564697265625,1,1.0
40,International Christian Adoptions,33.51632724911393,-117.16524905777466,6,1.0
41,JCCA,41.129272265170066,-73.77766517339191,1,0.0
42,KidsPeace Broadway Campus,40.596270487855485,-75.40668221092272,16,0.9375
43,Lincoln Hall Boys’ Haven,41.3201108125575,-73.72065523631649,12,0.9166666666666666
44,Lutheran Social Services of Carolinas - Transitional Foster Care,35.653487891677926,-80.48559843567813,7,0.8571428571428571
45,Lutheran Social Services of New York Safe Haven for Children,40.81083639084717,-73.96400573997549,3,0.8409090909090909
46,Lutheran Social Services of New York Safe Haven for Children,40.81396993020305,-73.9664686138336,41,0.8409090909090909
47,Maryville Academy,42.06716651238874,-87.89736113623661,6,0.6666666666666666
48,MercyFirst,40.82190315799205,-73.48837767356392,19,0.8947368421052632
49,Morrison Child & Family Services Downtown Shelter,45.55889871413686,-122.5491566354091,4,1.0
50,Noank,41.35492631454048,-72.08294644215162,2,1.0
51,Nuevo Amanecer Latino Children Services,34.28755910934501,-118.43619217796676,17,0.7647058823529411
52,Rising Ground,40.69217204490131,-73.98591825255677,34,0.8235294117647058
53,Rite of Passage - Sycamore,32.53846327994423,-110.71758452433525,14,1.0
54,Rite of Passage ‐ Canyon,39.02370722608039,-119.74993309546248,12,1.0
55,Seton Home,29.38871764021308,-98.49104224214504,1,1.0
56,Shiloh Treatment Center,29.519127294074426,-95.35235029118338,3,0.6666666666666666
57,Southwest Key - Antigua,26.123897,-97.632978,79,0.9367088607594937
58,Southwest Key - Campbell,33.50126,-112.11539,83,0.9879518072289156
59,Southwest Key - Canutillo,31.90807037763406,-106.59511040483042,25,1.0
60,Southwest Key - Casa Blanca,29.7052,-98.495848,6,1.0
61,Southwest Key - Casa Franklin,29.6909001,-95.4089882,15,1.0
62,Southwest Key - Casa Franklin,31.762054,-106.487845,19,1.0
63,Southwest Key - Casa Kokopelli,33.41057000348104,-111.81485200053244,65,0.9846153846153847
64,Southwest Key - Casa Lighthouse,33.48223657383026,-112.05129575847694,16,0.9375
65,Southwest Key - Casa Montezuma,29.774397,-95.145021,39,0.9743589743589743
66,Southwest Key - Casa Padre,25.94322,-97.42408,244,0.9754098360655737
67,Southwest Key - Casa Phoenix,33.43648884057369,-112.08148486867414,105,0.9809523809523809
68,Southwest Key - Casa Quetzal,29.867513,-95.407907,43,0.9534883720930233
69,Southwest Key - Casita del Valle,31.5319521,-106.2326139,20,0.95
70,Southwest Key - Combes),26.239331,-97.729311,89,0.8764044943820225
71,Southwest Key - Conroe,30.371544,-95.512041,44,0.8863636363636364
72,Southwest Key - El Presidente,25.944447,-97.450052,73,0.9863013698630136
73,Southwest Key - Estrella del Norte,32.241632,-110.97948,95,1.0
74,Southwest Key - Glendale,33.542104,-112.169822,22,1.0
75,Southwest Key - Hacienda del Sol,33.59771115911375,-112.30353218770304,55,0.9454545454545454
76,Southwest Key - Las Palmas,33.434662,-111.840591,15,0.9333333333333333
77,Southwest Key - Mesa,33.434651870935085,-111.84098673115726,6,1.0
78,Southwest Key - Nueva Esperanza,26.022101482987534,-97.4265115439823,53,1.0
79,Southwest Key - Pleasant Hill,29.38871764021308,-98.49104224214504,3,0.6666666666666666
80,Southwest Key - Processing Center,25.90576557331528,-97.50259119860246,14,1.0
81,Southwest Key - Rio Grande,26.136415111921824,-97.6220972781903,47,0.9361702127659575
82,Southwest Key - San Diego',32.807801,-116.937924,17,0.8823529411764706
83,St. Peter-St. Joseph Children’s Home,29.389510605840876,-98.49270134222061,27,0.9259259259259259
84,St. Peter-St. Joseph Children’s Home - Transitional Foster Care,29.38916001522818,-98.49268524637117,15,0.6666666666666666
85,The Villages,39.057085480413406,-95.78697096777489,14,1.0
86,Upbring New Hope Children’s Center,26.210123491244904,-98.21048473254535,11,1.0
87,Upbring Transitional Foster Care program in El Paso,31.802536523580358,-106.39747593121628,35,0.8857142857142857
88,Youth for Tomorrow,38.73978262834332,-77.54913090432463,22,0.9545454545454546
89,YouthCare,47.66829272090686,-122.2998400444896,8,1.0
