FACILITY_APPROVED,Duration,discharge_rate
A New Leaf – Alice Peterson Residence,51.2,1.0
A New Leaf – Dorothy B. Mitchell Counseling Center,63.6,1.0
Abbott House,70.6896551724138,1.0
BCFS - Chavaneaux,61.15384615384615,1.0
BCFS - Driscoll,31.666666666666668,0.3333333333333333
BCFS - Fairfield,296.0,1.0
BCFS - Harlingen,51.71153846153846,0.967948717948718
BCFS - Raymondville,49.333333333333336,0.9074074074074074
BCFS - San Antonio,48.285714285714285,0.7619047619047619
BCFS - San Antonio Transitional Foster Care,74.89814814814815,0.8703703703703703
BCFS - Tornillo,41.0,1.0
BCFS Baytown,75.95161290322581,0.9838709677419355
Bethany Christian Services TFC - Baltimore,85.33333333333333,1.0
Board of Child Care - Treatment Foster Care,101.66666666666667,1.0
Board of Child Care Shelter,79.7,1.0
Bokenkamp Children’s Shelter,71.03571428571429,0.9285714285714286
CHSI - Casa Norma Linda,24.625,0.5
CHSI - Los Fresnos,62.833333333333336,0.6666666666666666
CHSI - San Benito,38.8,0.6
Catholic Charities - Fort Worth,56.0,0.8333333333333334
Catholic Charities - Houston,79.66666666666667,1.0
Catholic Charities - Msgr. Bryan Walsh Children’s Village,51.86206896551724,0.896551724137931
Catholic Charities Fort Worth Transitional Foster Care,38.666666666666664,0.6666666666666666
Catholic Guardian Services,45.6,1.0
Catholic Guardian Services - Crotrona,61.5,1.0
Catholic Guardian Services - Transitional Foster Care,65.92307692307692,0.7692307692307693
Cayuga Centers,76.9144385026738,0.9064171122994652
Center for Family Services,77.5,1.0
Children’s Home of Kingston,47.714285714285715,1.0
Children’s Village Shelter,78.1304347826087,0.9565217391304348
Crittenton Services for Children and Families,66.31818181818181,0.9090909090909091
David and Margaret Youth and Family Services,44.42857142857143,0.9285714285714286
Heartland International Children’s Center,88.42857142857143,1.0
Heartland International Children’s Reception Center,72.93023255813954,1.0
His House Children’s Home,54.39393939393939,0.9545454545454546
Holy Family Institute,80.26315789473684,1.0
IES - Brownsville,71.0,1.0
IES - Harlingen,66.0,1.0
IES - Los Fresnos,68.0,1.0
International Christian Adoptions,72.83333333333333,1.0
JCCA,0.0,0.0
KidsPeace Broadway Campus,68.5,0.9375
Lincoln Hall Boys’ Haven,64.41666666666667,0.9166666666666666
Lutheran Social Services of Carolinas - Transitional Foster Care,45.42857142857143,0.8571428571428571
Lutheran Social Services of New York Safe Haven for Children,59.02272727272727,0.8409090909090909
Maryville Academy,50.333333333333336,0.6666666666666666
MercyFirst,74.57894736842105,0.8947368421052632
Morrison Child & Family Services Downtown Shelter,61.0,1.0
Noank,49.5,1.0
Nuevo Amanecer Latino Children Services,63.35294117647059,0.7647058823529411
Rising Ground,66.02941176470588,0.8235294117647058
Rite of Passage - Sycamore,84.57142857142857,1.0
Rite of Passage ‐ Canyon,85.25,1.0
Seton Home,32.0,1.0
Shiloh Treatment Center,50.666666666666664,0.6666666666666666
Southwest Key - Antigua,70.67088607594937,0.9367088607594937
Southwest Key - Campbell,70.0,0.9879518072289156
Southwest Key - Canutillo,74.16,1.0
Southwest Key - Casa Blanca,102.5,1.0
Southwest Key - Casa Franklin,69.6470588235294,1.0
Southwest Key - Casa Kokopelli,95.41538461538461,0.9846153846153847
Southwest Key - Casa Lighthouse,66.4375,0.9375
Southwest Key - Casa Montezuma,73.38461538461539,0.9743589743589743
Southwest Key - Casa Padre,77.89754098360656,0.9754098360655737
Southwest Key - Casa Phoenix,71.47619047619048,0.9809523809523809
Southwest Key - Casa Quetzal,69.25581395348837,0.9534883720930233
Southwest Key - Casita del Valle,87.1,0.95
Southwest Key - Combes),56.78651685393258,0.8764044943820225
Southwest Key - Conroe,71.52272727272727,0.8863636363636364
Southwest Key - El Presidente,59.32876712328767,0.9863013698630136
Southwest Key - Estrella del Norte,69.27368421052631,1.0
Southwest Key - Glendale,61.31818181818182,1.0
Southwest Key - Hacienda del Sol,87.03636363636363,0.9454545454545454
Southwest Key - Las Palmas,106.86666666666666,0.9333333333333333
Southwest Key - Mesa,79.5,1.0
Southwest Key - Nueva Esperanza,54.471698113207545,1.0
Southwest Key - Pleasant Hill,36.0,0.6666666666666666
Southwest Key - Processing Center,63.357142857142854,1.0
Southwest Key - Rio Grande,61.1063829787234,0.9361702127659575
Southwest Key - San Diego',67.0,0.8823529411764706
St. Peter-St. Joseph Children’s Home,74.11111111111111,0.9259259259259259
St. Peter-St. Joseph Children’s Home - Transitional Foster Care,40.0,0.6666666666666666
The Villages,66.85714285714286,1.0
Upbring New Hope Children’s Center,70.0909090909091,1.0
Upbring Transitional Foster Care program in El Paso,67.45714285714286,0.8857142857142857
Youth for Tomorrow,54.68181818181818,0.9545454545454546
YouthCare,85.625,1.0
